'Fecha', 'Hora', 'Segundos', 'Latencia (ms)', 'Download (Mbit/s)', 'Upload (Mbit/s)'
'25/06/2014 17:30:15', '1403735415', '20,027', '10,29', '2,02'
'25/06/2014 17:40:21', '1403736021', '17,564', '10,31', '2,05'
'25/06/2014 17:50:09', '1403736609', '18,676', '10,24', '2,07'
'25/06/2014 18:00:16', '1403737216', '19,391', '10,20', '2,07'
'25/06/2014 18:10:26', '1403737826', '17,643', '10,21', '1,76'
'25/06/2014 18:20:28', '1403738428', '21,458', '9,44', '1,98'
'25/06/2014 18:24:13', '1403738653', '25,908', '10,11', '2,07'
'25/06/2014 18:25:15', '1403738715', '13,192', '10,29', '2,08'
'25/06/2014 18:26:14', '1403738774', '12,954', '10,31', '2,07'
'25/06/2014 18:38:24', '1403739504', '19,391', '10,29', '2,03'
'25/06/2014 18:45:33', '1403739933', '19,709', '10,20', '2,02'
'25/06/2014 18:50:11', '1403740211', '20,345', '10,29', '2,07'
'25/06/2014 18:53:05', '1403740385', '19,391', '10,05', '2,07'
'25/06/2014 18:54:28', '1403740468', '17,722', '10,30', '2,07'
'25/06/2014 18:55:23', '1403740523', '18,994', '9,98', '2,05'
'25/06/2014 18:56:30', '1403740590', '27,339', '0,67', '2,06'
'25/06/2014 19:16:36', '1403741796', '19,073', '9,85', '2,07'
'25/06/2014 19:17:39', '1403741859', '18,358', '10,28', '2,07'
'25/06/2014 19:18:42', '1403741922', '16,371', '10,30', '2,06'
'25/06/2014 19:19:34', '1403741974', '16,371', '10,28', '2,03'
'25/06/2014 19:20:24', '1403742024', '15,338', '10,29', '2,06'
'25/06/2014 19:21:37', '1403742097', '15,736', '10,30', '2,07'
'25/06/2014 19:22:22', '1403742142', '17,007', '10,12', '2,07'
'25/06/2014 19:23:26', '1403742206', '17,246', '9,66', '2,05'
'25/06/2014 19:24:07', '1403742247', '20,345', '10,26', '2,07'
'25/06/2014 19:25:08', '1403742308', '16,61', '10,27', '2,01'
'25/06/2014 19:26:24', '1403742384', '18,358', '9,06', '1,98'
'25/06/2014 19:27:12', '1403742432', '23,286', '10,28', '2,06'
'25/06/2014 19:28:21', '1403742501', '19,55', '10,26', '2,07'
'25/06/2014 19:29:00', '1403742540', '16,53', '10,30', '2,06'
'25/06/2014 19:30:18', '1403742618', '18,994', '8,75', '1,97'
'25/06/2014 19:31:30', '1403742690', '20,345', '10,27', '2,06'
'25/06/2014 19:32:30', '1403742750', '15,974', '10,19', '2,07'
'25/06/2014 19:33:27', '1403742807', '17,961', '10,01', '2,00'
'25/06/2014 19:34:27', '1403742867', '17,961', '10,29', '1,97'
'25/06/2014 19:35:37', '1403742937', '20,742', '10,13', '2,05'
'25/06/2014 19:36:16', '1403742976', '20,663', '8,54', '1,96'
'25/06/2014 19:37:08', '1403743028', '15,974', '9,97', '2,03'
'25/06/2014 19:38:17', '1403743097', '18,358', '10,03', '2,05'
'25/06/2014 19:39:08', '1403743148', '22,65', '9,32', '2,00'
'25/06/2014 19:40:14', '1403743214', '13,272', '8,81', '2,03'
'25/06/2014 19:41:06', '1403743266', '20,663', '8,84', '2,03'
'25/06/2014 19:42:20', '1403743340', '20,345', '8,98', '2,00'
'25/06/2014 19:43:20', '1403743400', '17,961', '9,92', '2,05'
'25/06/2014 19:44:10', '1403743450', '20,027', '8,64', '1,59'
'25/06/2014 19:45:26', '1403743526', '18,994', '9,08', '1,34'
'25/06/2014 19:50:11', '1403743811', '26,385', '9,49', '2,02'
'25/06/2014 19:55:14', '1403744114', '19,073', '7,28', '2,02'
'25/06/2014 20:00:15', '1403744415', '17,881', '8,17', '1,90'
'25/06/2014 20:05:08', '1403744708', '18,12', '9,05', '1,86'
'25/06/2014 20:10:03', '1403745003', '19,63', '8,72', '1,96'
'25/06/2014 20:15:19', '1403745319', '12,636', '8,82', '1,00'
'25/06/2014 20:20:27', '1403745627', '19,948', '8,57', '1,96'
'25/06/2014 20:25:21', '1403745921', '18,756', '9,47', '1,95'
'25/06/2014 20:29:24', '1403746164', '16,928', '9,06', '2,02'
'25/06/2014 20:30:22', '1403746222', '15,259', '9,45', '1,91'
'25/06/2014 20:31:30', '1403746290', '14,702', '10,02', '2,02'
'25/06/2014 20:35:27', '1403746527', '20,425', '9,58', '1,96'
'25/06/2014 21:00:05', '1403748005', '17,881', '10,23', '2,02'
'25/06/2014 21:05:04', '1403748304', '19,312', '9,60', '1,84'
'25/06/2014 21:10:28', '1403748628', '23,365', '9,02', '1,98'
'25/06/2014 21:15:23', '1403748923', '22,729', '9,59', '2,03'
'25/06/2014 21:20:16', '1403749216', '24,001', '9,98', '2,04'
'25/06/2014 21:25:19', '1403749519', '17,802', '7,74', '1,96'
'25/06/2014 21:30:11', '1403749811', '19,868', '10,24', '2,01'
'25/06/2014 21:35:14', '1403750114', '21,06', '10,07', '1,64'
'25/06/2014 21:40:22', '1403750422', '32,028', '9,12', '2,03'
'25/06/2014 21:45:21', '1403750721', '18,358', '9,69', '2,03'
'25/06/2014 21:50:16', '1403751016', '17,961', '9,77', '2,02'
'25/06/2014 21:55:24', '1403751324', '19,63', '7,18', '1,94'
'25/06/2014 22:00:20', '1403751620', '23,683', '8,46', '2,00'
'25/06/2014 22:05:15', '1403751915', '23,286', '6,79', '2,01'
'25/06/2014 22:10:07', '1403752207', '18,358', '8,70', '1,95'
'25/06/2014 22:15:11', '1403752511', '18,04', '7,32', '2,04'
'25/06/2014 22:20:06', '1403752806', '20,345', '7,46', '1,93'
'25/06/2014 22:25:09', '1403753109', '18,438', '9,60', '1,99'
'25/06/2014 22:30:02', '1403753402', '15,418', '7,11', '1,92'
'25/06/2014 22:35:24', '1403753724', '18,358', '8,53', '1,99'
'26/06/2014 08:04:10', '1403787850', '0,1', '0,1', '0,1'
'26/06/2014 08:05:02', '1403787902', '0,1', '0,1', '0,1'
'26/06/2014 08:06:12', '1403787972', '20,981', '10,34', '2,07'
'26/06/2014 08:07:24', '1403788044', '19,55', '10,33', '2,07'
'26/06/2014 08:08:15', '1403788095', '22,65', '10,05', '1,99'
'26/06/2014 08:09:08', '1403788148', '14,305', '9,87', '2,00'
'26/06/2014 08:10:01', '1403788201', '19,232', '9,71', '1,75'
'26/06/2014 08:11:00', '1403788260', '22,252', '9,64', '1,93'
'26/06/2014 08:12:09', '1403788329', '17,246', '10,30', '2,06'
'26/06/2014 08:15:16', '1403788516', '18,12', '10,33', '2,07'
'26/06/2014 08:20:08', '1403788808', '16,928', '9,86', '2,06'
'26/06/2014 08:25:08', '1403789108', '24,398', '10,31', '1,99'
'26/06/2014 08:30:05', '1403789405', '19,391', '10,31', '2,06'
'26/06/2014 08:35:19', '1403789719', '17,564', '10,31', '2,08'
'26/06/2014 08:40:10', '1403790010', '21,776', '10,29', '1,93'
'26/06/2014 08:45:01', '1403790301', '20,345', '10,31', '2,07'
'26/06/2014 08:50:12', '1403790612', '23,683', '10,31', '2,06'
'26/06/2014 08:55:23', '1403790923', '14,941', '10,32', '2,05'
'26/06/2014 09:00:07', '1403791207', '12,954', '10,22', '1,94'
'26/06/2014 09:05:17', '1403791517', '13,669', '10,32', '1,91'
'26/06/2014 09:12:17', '1403791937', '20,663', '10,27', '2,07'
'26/06/2014 09:13:20', '1403792000', '21,06', '10,28', '2,05'
'26/06/2014 09:15:03', '1403792103', '17,802', '10,04', '1,97'
'26/06/2014 14:20:15', '1403810415', '0,1', '0,1', '0,1'
'26/06/2014 14:40:16', '1403811616', '0,1', '0,1', '0,1'
'26/06/2014 15:20:19', '1403814019', '16,054', '27,91', '27,07'
'26/06/2014 15:40:14', '1403815214', '24,319', '1,23', '5,21'
'26/06/2014 16:07:20', '1403816840', '0,1', '0,1', '0,1'
'26/06/2014 19:49:52', '1403830192', '15,338', '8,58', '1,99'
'26/06/2014 20:00:03', '1403830803', '18,358', '10,19', '1,83'
'26/06/2014 20:07:50', '1403831270', '0,1', '0,1', '0,1'
'26/06/2014 20:10:02', '1403831402', '0,1', '0,1', '0,1'
'26/06/2014 20:11:40', '1403831500', '0,1', '0,1', '0,1'
'26/06/2014 20:14:18', '1403831658', '0,1', '0,1', '0,1'
'26/06/2014 20:16:11', '1403831771', '0,1', '0,1', '0,1'
'26/06/2014 20:20:22', '1403832022', '16,928', '7,59', '1,92'
'26/06/2014 20:30:13', '1403832613', '19,948', '0,31', '0,39'
'26/06/2014 20:40:15', '1403833215', '14,702', '6,77', '1,80'
'26/06/2014 20:50:24', '1403833824', '15,656', '10,28', '2,03'
'26/06/2014 21:00:11', '1403834411', '18,835', '10,26', '2,05'
'26/06/2014 21:10:06', '1403835006', '20,742', '10,16', '1,99'
'26/06/2014 21:20:08', '1403835608', '19,391', '8,06', '1,84'
'26/06/2014 21:30:01', '1403836201', '14,623', '8,95', '1,96'
'26/06/2014 21:40:03', '1403836803', '22,888', '7,00', '2,03'
'26/06/2014 21:50:11', '1403837411', '20,981', '8,95', '1,99'
'26/06/2014 22:00:06', '1403838006', '21,935', '8,51', '2,00'
'26/06/2014 22:10:21', '1403838621', '26,306', '9,33', '2,04'
'26/06/2014 22:20:12', '1403839212', '15,338', '9,04', '2,04'
'26/06/2014 22:30:05', '1403839805', '21,935', '9,97', '2,03'
'26/06/2014 22:40:07', '1403840407', '12,954', '9,23', '1,95'
'26/06/2014 22:50:19', '1403841019', '17,564', '9,00', '1,98'
'26/06/2014 23:00:02', '1403841602', '17,722', '9,71', '1,96'
'26/06/2014 23:10:22', '1403842222', '14,623', '9,33', '1,79'
'26/06/2014 23:20:24', '1403842824', '27,021', '9,68', '1,99'
'26/06/2014 23:30:17', '1403843417', '16,61', '8,74', '1,96'
'26/06/2014 23:40:19', '1403844019', '20,981', '9,56', '2,07'
'26/06/2014 23:49:52', '1403844592', '20,027', '0,21', '2,06'
'27/06/2014 00:00:10', '1403845210', '20,345', '8,20', '1,98'
'27/06/2014 00:10:22', '1403845822', '17,961', '9,87', '1,82'
'27/06/2014 00:20:13', '1403846413', '28,292', '8,71', '1,98'
'27/06/2014 00:30:04', '1403847004', '17,325', '7,57', '1,99'
'27/06/2014 00:40:04', '1403847604', '19,391', '10,06', '1,85'
'27/06/2014 00:50:24', '1403848224', '17,007', '10,31', '2,07'
'27/06/2014 01:00:12', '1403848812', '12,318', '10,32', '2,08'
'27/06/2014 01:10:05', '1403849405', '19,709', '10,34', '2,08'
'27/06/2014 01:20:29', '1403850029', '20,663', '10,32', '2,07'
'27/06/2014 01:30:11', '1403850611', '21,617', '10,34', '2,07'
'27/06/2014 01:40:05', '1403851205', '28,292', '10,28', '2,07'
'27/06/2014 01:50:25', '1403851825', '20,027', '10,31', '2,08'
'27/06/2014 02:00:19', '1403852419', '28,928', '10,34', '2,08'
'27/06/2014 02:10:28', '1403853028', '19,073', '10,33', '2,07'
'27/06/2014 02:20:19', '1403853619', '24,637', '10,33', '2,07'
'27/06/2014 02:30:12', '1403854212', '15,974', '10,33', '2,06'
'27/06/2014 02:40:25', '1403854825', '22,729', '10,33', '2,08'
'27/06/2014 02:50:23', '1403855423', '19,312', '10,33', '2,08'
'27/06/2014 03:00:07', '1403856007', '18,358', '10,27', '2,07'
'27/06/2014 03:10:14', '1403856614', '19,312', '10,32', '2,08'
'27/06/2014 03:20:22', '1403857222', '18,676', '10,32', '2,08'
'27/06/2014 03:30:23', '1403857823', '20,742', '10,34', '2,07'
'27/06/2014 03:40:17', '1403858417', '24,239', '10,31', '2,07'
'27/06/2014 03:50:15', '1403859015', '19,391', '10,34', '2,07'
'27/06/2014 04:00:10', '1403859610', '18,915', '10,30', '2,07'
'27/06/2014 04:10:06', '1403860206', '17,961', '10,33', '2,07'
'27/06/2014 04:20:27', '1403860827', '22,729', '10,33', '2,06'
'27/06/2014 04:30:28', '1403861428', '19,948', '10,32', '2,06'
'27/06/2014 04:40:11', '1403862011', '13,431', '10,33', '2,07'
'27/06/2014 04:50:12', '1403862612', '19,232', '10,32', '2,07'
'27/06/2014 05:00:27', '1403863227', '18,676', '10,32', '2,07'
'27/06/2014 05:10:20', '1403863820', '25,908', '10,30', '2,07'
'27/06/2014 05:20:22', '1403864422', '0,1', '0,1', '0,1'
'27/06/2014 05:30:20', '1403865020', '20,425', '10,32', '2,06'
'27/06/2014 05:40:22', '1403865622', '17,643', '10,31', '2,07'
'27/06/2014 05:50:17', '1403866217', '19,232', '10,34', '2,06'
'27/06/2014 06:00:04', '1403866804', '18,597', '10,30', '2,05'
'27/06/2014 06:10:00', '1403867400', '19,63', '10,29', '2,08'
'27/06/2014 06:20:29', '1403868029', '20,663', '10,26', '2,05'
'27/06/2014 06:30:22', '1403868622', '21,14', '10,33', '2,06'
'27/06/2014 06:40:02', '1403869202', '18,04', '10,29', '2,07'
'27/06/2014 06:50:06', '1403869806', '17,405', '10,34', '2,07'
'27/06/2014 07:00:08', '1403870408', '16,371', '10,31', '2,08'
'27/06/2014 07:10:23', '1403871023', '29,643', '10,33', '2,07'
'27/06/2014 07:20:03', '1403871603', '0,1', '0,1', '0,1'
'27/06/2014 07:30:18', '1403872218', '16,61', '10,29', '2,06'
'27/06/2014 07:40:13', '1403872813', '19,948', '10,32', '2,08'
'27/06/2014 07:50:17', '1403873417', '18,12', '10,24', '2,07'
'27/06/2014 08:00:06', '1403874006', '24,398', '8,14', '1,87'
'27/06/2014 08:10:01', '1403874601', '16,054', '7,32', '1,86'
'27/06/2014 08:20:14', '1403875214', '19,63', '8,16', '1,86'
'27/06/2014 08:30:12', '1403875812', '0,1', '0,1', '0,1'
'27/06/2014 08:36:23', '1403876183', '0,1', '0,1', '0,1'
'27/06/2014 08:39:03', '1403876343', '0,1', '0,1', '0,1'
'27/06/2014 08:41:19', '1403876479', '0,1', '0,1', '0,1'
'27/06/2014 08:42:42', '1403876562', '0,1', '0,1', '0,1'
'27/06/2014 08:44:29', '1403876669', '0,1', '0,1', '0,1'
'27/06/2014 08:45:50', '1403876750', '0,1', '0,1', '0,1'
'27/06/2014 08:47:21', '1403876841', '0,1', '0,1', '0,1'
'27/06/2014 08:49:09', '1403876949', '0,1', '0,1', '0,1'
'25/06/2014 17:30:15', '1403735415', '20,027', '10,29', '2,02'
'25/06/2014 17:40:21', '1403736021', '17,564', '10,31', '2,05'
'25/06/2014 17:50:09', '1403736609', '18,676', '10,24', '2,07'
'25/06/2014 18:00:16', '1403737216', '19,391', '10,20', '2,07'
'25/06/2014 18:10:26', '1403737826', '17,643', '10,21', '1,76'
'25/06/2014 18:20:28', '1403738428', '21,458', '9,44', '1,98'
'25/06/2014 18:24:13', '1403738653', '25,908', '10,11', '2,07'
'25/06/2014 18:25:15', '1403738715', '13,192', '10,29', '2,08'
'25/06/2014 18:26:14', '1403738774', '12,954', '10,31', '2,07'
'25/06/2014 18:38:24', '1403739504', '19,391', '10,29', '2,03'
'25/06/2014 18:45:33', '1403739933', '19,709', '10,20', '2,02'
'25/06/2014 18:50:11', '1403740211', '20,345', '10,29', '2,07'
'25/06/2014 18:53:05', '1403740385', '19,391', '10,05', '2,07'
'25/06/2014 18:54:28', '1403740468', '17,722', '10,30', '2,07'
'25/06/2014 18:55:23', '1403740523', '18,994', '9,98', '2,05'
'25/06/2014 18:56:30', '1403740590', '27,339', '0,67', '2,06'
'25/06/2014 19:16:36', '1403741796', '19,073', '9,85', '2,07'
'25/06/2014 19:17:39', '1403741859', '18,358', '10,28', '2,07'
'25/06/2014 19:18:42', '1403741922', '16,371', '10,30', '2,06'
'25/06/2014 19:19:34', '1403741974', '16,371', '10,28', '2,03'
'25/06/2014 19:20:24', '1403742024', '15,338', '10,29', '2,06'
'25/06/2014 19:21:37', '1403742097', '15,736', '10,30', '2,07'
'25/06/2014 19:22:22', '1403742142', '17,007', '10,12', '2,07'
'25/06/2014 19:23:26', '1403742206', '17,246', '9,66', '2,05'
'25/06/2014 19:24:07', '1403742247', '20,345', '10,26', '2,07'
'25/06/2014 19:25:08', '1403742308', '16,61', '10,27', '2,01'
'25/06/2014 19:26:24', '1403742384', '18,358', '9,06', '1,98'
'25/06/2014 19:27:12', '1403742432', '23,286', '10,28', '2,06'
'25/06/2014 19:28:21', '1403742501', '19,55', '10,26', '2,07'
'25/06/2014 19:29:00', '1403742540', '16,53', '10,30', '2,06'
'25/06/2014 19:30:18', '1403742618', '18,994', '8,75', '1,97'
'25/06/2014 19:31:30', '1403742690', '20,345', '10,27', '2,06'
'25/06/2014 19:32:30', '1403742750', '15,974', '10,19', '2,07'
'25/06/2014 19:33:27', '1403742807', '17,961', '10,01', '2,00'
'25/06/2014 19:34:27', '1403742867', '17,961', '10,29', '1,97'
'25/06/2014 19:35:37', '1403742937', '20,742', '10,13', '2,05'
'25/06/2014 19:36:16', '1403742976', '20,663', '8,54', '1,96'
'25/06/2014 19:37:08', '1403743028', '15,974', '9,97', '2,03'
'25/06/2014 19:38:17', '1403743097', '18,358', '10,03', '2,05'
'25/06/2014 19:39:08', '1403743148', '22,65', '9,32', '2,00'
'25/06/2014 19:40:14', '1403743214', '13,272', '8,81', '2,03'
'25/06/2014 19:41:06', '1403743266', '20,663', '8,84', '2,03'
'25/06/2014 19:42:20', '1403743340', '20,345', '8,98', '2,00'
'25/06/2014 19:43:20', '1403743400', '17,961', '9,92', '2,05'
'25/06/2014 19:44:10', '1403743450', '20,027', '8,64', '1,59'
'25/06/2014 19:45:26', '1403743526', '18,994', '9,08', '1,34'
'25/06/2014 19:50:11', '1403743811', '26,385', '9,49', '2,02'
'25/06/2014 19:55:14', '1403744114', '19,073', '7,28', '2,02'
'25/06/2014 20:00:15', '1403744415', '17,881', '8,17', '1,90'
'25/06/2014 20:05:08', '1403744708', '18,12', '9,05', '1,86'
'25/06/2014 20:10:03', '1403745003', '19,63', '8,72', '1,96'
'25/06/2014 20:15:19', '1403745319', '12,636', '8,82', '1,00'
'25/06/2014 20:20:27', '1403745627', '19,948', '8,57', '1,96'
'25/06/2014 20:25:21', '1403745921', '18,756', '9,47', '1,95'
'25/06/2014 20:29:24', '1403746164', '16,928', '9,06', '2,02'
'25/06/2014 20:30:22', '1403746222', '15,259', '9,45', '1,91'
'25/06/2014 20:31:30', '1403746290', '14,702', '10,02', '2,02'
'25/06/2014 20:35:27', '1403746527', '20,425', '9,58', '1,96'
'25/06/2014 21:00:05', '1403748005', '17,881', '10,23', '2,02'
'25/06/2014 21:05:04', '1403748304', '19,312', '9,60', '1,84'
'25/06/2014 21:10:28', '1403748628', '23,365', '9,02', '1,98'
'25/06/2014 21:15:23', '1403748923', '22,729', '9,59', '2,03'
'25/06/2014 21:20:16', '1403749216', '24,001', '9,98', '2,04'
'25/06/2014 21:25:19', '1403749519', '17,802', '7,74', '1,96'
'25/06/2014 21:30:11', '1403749811', '19,868', '10,24', '2,01'
'25/06/2014 21:35:14', '1403750114', '21,06', '10,07', '1,64'
'25/06/2014 21:40:22', '1403750422', '32,028', '9,12', '2,03'
'25/06/2014 21:45:21', '1403750721', '18,358', '9,69', '2,03'
'25/06/2014 21:50:16', '1403751016', '17,961', '9,77', '2,02'
'25/06/2014 21:55:24', '1403751324', '19,63', '7,18', '1,94'
'25/06/2014 22:00:20', '1403751620', '23,683', '8,46', '2,00'
'25/06/2014 22:05:15', '1403751915', '23,286', '6,79', '2,01'
'25/06/2014 22:10:07', '1403752207', '18,358', '8,70', '1,95'
'25/06/2014 22:15:11', '1403752511', '18,04', '7,32', '2,04'
'25/06/2014 22:20:06', '1403752806', '20,345', '7,46', '1,93'
'25/06/2014 22:25:09', '1403753109', '18,438', '9,60', '1,99'
'25/06/2014 22:30:02', '1403753402', '15,418', '7,11', '1,92'
'25/06/2014 22:35:24', '1403753724', '18,358', '8,53', '1,99'
'26/06/2014 08:04:10', '1403787850', '0,1', '0,1', '0,1'
'26/06/2014 08:05:02', '1403787902', '0,1', '0,1', '0,1'
'26/06/2014 08:06:12', '1403787972', '20,981', '10,34', '2,07'
'26/06/2014 08:07:24', '1403788044', '19,55', '10,33', '2,07'
'26/06/2014 08:08:15', '1403788095', '22,65', '10,05', '1,99'
'26/06/2014 08:09:08', '1403788148', '14,305', '9,87', '2,00'
'26/06/2014 08:10:01', '1403788201', '19,232', '9,71', '1,75'
'26/06/2014 08:11:00', '1403788260', '22,252', '9,64', '1,93'
'26/06/2014 08:12:09', '1403788329', '17,246', '10,30', '2,06'
'26/06/2014 08:15:16', '1403788516', '18,12', '10,33', '2,07'
'26/06/2014 08:20:08', '1403788808', '16,928', '9,86', '2,06'
'26/06/2014 08:25:08', '1403789108', '24,398', '10,31', '1,99'
'26/06/2014 08:30:05', '1403789405', '19,391', '10,31', '2,06'
'26/06/2014 08:35:19', '1403789719', '17,564', '10,31', '2,08'
'26/06/2014 08:40:10', '1403790010', '21,776', '10,29', '1,93'
'26/06/2014 08:45:01', '1403790301', '20,345', '10,31', '2,07'
'26/06/2014 08:50:12', '1403790612', '23,683', '10,31', '2,06'
'26/06/2014 08:55:23', '1403790923', '14,941', '10,32', '2,05'
'26/06/2014 09:00:07', '1403791207', '12,954', '10,22', '1,94'
'26/06/2014 09:05:17', '1403791517', '13,669', '10,32', '1,91'
'26/06/2014 09:12:17', '1403791937', '20,663', '10,27', '2,07'
'26/06/2014 09:13:20', '1403792000', '21,06', '10,28', '2,05'
'26/06/2014 09:15:03', '1403792103', '17,802', '10,04', '1,97'
'26/06/2014 14:20:15', '1403810415', '0,1', '0,1', '0,1'
'26/06/2014 14:40:16', '1403811616', '0,1', '0,1', '0,1'
'26/06/2014 15:20:19', '1403814019', '16,054', '27,91', '27,07'
'26/06/2014 15:40:14', '1403815214', '24,319', '1,23', '5,21'
'26/06/2014 16:07:20', '1403816840', '0,1', '0,1', '0,1'
'26/06/2014 19:49:52', '1403830192', '15,338', '8,58', '1,99'
'26/06/2014 20:00:03', '1403830803', '18,358', '10,19', '1,83'
'26/06/2014 20:07:50', '1403831270', '0,1', '0,1', '0,1'
'26/06/2014 20:10:02', '1403831402', '0,1', '0,1', '0,1'
'26/06/2014 20:11:40', '1403831500', '0,1', '0,1', '0,1'
'26/06/2014 20:14:18', '1403831658', '0,1', '0,1', '0,1'
'26/06/2014 20:16:11', '1403831771', '0,1', '0,1', '0,1'
'26/06/2014 20:20:22', '1403832022', '16,928', '7,59', '1,92'
'26/06/2014 20:30:13', '1403832613', '19,948', '0,31', '0,39'
'26/06/2014 20:40:15', '1403833215', '14,702', '6,77', '1,80'
'26/06/2014 20:50:24', '1403833824', '15,656', '10,28', '2,03'
'26/06/2014 21:00:11', '1403834411', '18,835', '10,26', '2,05'
'26/06/2014 21:10:06', '1403835006', '20,742', '10,16', '1,99'
'26/06/2014 21:20:08', '1403835608', '19,391', '8,06', '1,84'
'26/06/2014 21:30:01', '1403836201', '14,623', '8,95', '1,96'
'26/06/2014 21:40:03', '1403836803', '22,888', '7,00', '2,03'
'26/06/2014 21:50:11', '1403837411', '20,981', '8,95', '1,99'
'26/06/2014 22:00:06', '1403838006', '21,935', '8,51', '2,00'
'26/06/2014 22:10:21', '1403838621', '26,306', '9,33', '2,04'
'26/06/2014 22:20:12', '1403839212', '15,338', '9,04', '2,04'
'26/06/2014 22:30:05', '1403839805', '21,935', '9,97', '2,03'
'26/06/2014 22:40:07', '1403840407', '12,954', '9,23', '1,95'
'26/06/2014 22:50:19', '1403841019', '17,564', '9,00', '1,98'
'26/06/2014 23:00:02', '1403841602', '17,722', '9,71', '1,96'
'26/06/2014 23:10:22', '1403842222', '14,623', '9,33', '1,79'
'26/06/2014 23:20:24', '1403842824', '27,021', '9,68', '1,99'
'26/06/2014 23:30:17', '1403843417', '16,61', '8,74', '1,96'
'26/06/2014 23:40:19', '1403844019', '20,981', '9,56', '2,07'
'26/06/2014 23:49:52', '1403844592', '20,027', '0,21', '2,06'
'27/06/2014 00:00:10', '1403845210', '20,345', '8,20', '1,98'
'27/06/2014 00:10:22', '1403845822', '17,961', '9,87', '1,82'
'27/06/2014 00:20:13', '1403846413', '28,292', '8,71', '1,98'
'27/06/2014 00:30:04', '1403847004', '17,325', '7,57', '1,99'
'27/06/2014 00:40:04', '1403847604', '19,391', '10,06', '1,85'
'27/06/2014 00:50:24', '1403848224', '17,007', '10,31', '2,07'
'27/06/2014 01:00:12', '1403848812', '12,318', '10,32', '2,08'
'27/06/2014 01:10:05', '1403849405', '19,709', '10,34', '2,08'
'27/06/2014 01:20:29', '1403850029', '20,663', '10,32', '2,07'
'27/06/2014 01:30:11', '1403850611', '21,617', '10,34', '2,07'
'27/06/2014 01:40:05', '1403851205', '28,292', '10,28', '2,07'
'27/06/2014 01:50:25', '1403851825', '20,027', '10,31', '2,08'
'27/06/2014 02:00:19', '1403852419', '28,928', '10,34', '2,08'
'27/06/2014 02:10:28', '1403853028', '19,073', '10,33', '2,07'
'27/06/2014 02:20:19', '1403853619', '24,637', '10,33', '2,07'
'27/06/2014 02:30:12', '1403854212', '15,974', '10,33', '2,06'
'27/06/2014 02:40:25', '1403854825', '22,729', '10,33', '2,08'
'27/06/2014 02:50:23', '1403855423', '19,312', '10,33', '2,08'
'27/06/2014 03:00:07', '1403856007', '18,358', '10,27', '2,07'
'27/06/2014 03:10:14', '1403856614', '19,312', '10,32', '2,08'
'27/06/2014 03:20:22', '1403857222', '18,676', '10,32', '2,08'
'27/06/2014 03:30:23', '1403857823', '20,742', '10,34', '2,07'
'27/06/2014 03:40:17', '1403858417', '24,239', '10,31', '2,07'
'27/06/2014 03:50:15', '1403859015', '19,391', '10,34', '2,07'
'27/06/2014 04:00:10', '1403859610', '18,915', '10,30', '2,07'
'27/06/2014 04:10:06', '1403860206', '17,961', '10,33', '2,07'
'27/06/2014 04:20:27', '1403860827', '22,729', '10,33', '2,06'
'27/06/2014 04:30:28', '1403861428', '19,948', '10,32', '2,06'
'27/06/2014 04:40:11', '1403862011', '13,431', '10,33', '2,07'
'27/06/2014 04:50:12', '1403862612', '19,232', '10,32', '2,07'
'27/06/2014 05:00:27', '1403863227', '18,676', '10,32', '2,07'
'27/06/2014 05:10:20', '1403863820', '25,908', '10,30', '2,07'
'27/06/2014 05:20:22', '1403864422', '0,1', '0,1', '0,1'
'27/06/2014 05:30:20', '1403865020', '20,425', '10,32', '2,06'
'27/06/2014 05:40:22', '1403865622', '17,643', '10,31', '2,07'
'27/06/2014 05:50:17', '1403866217', '19,232', '10,34', '2,06'
'27/06/2014 06:00:04', '1403866804', '18,597', '10,30', '2,05'
'27/06/2014 06:10:00', '1403867400', '19,63', '10,29', '2,08'
'27/06/2014 06:20:29', '1403868029', '20,663', '10,26', '2,05'
'27/06/2014 06:30:22', '1403868622', '21,14', '10,33', '2,06'
'27/06/2014 06:40:02', '1403869202', '18,04', '10,29', '2,07'
'27/06/2014 06:50:06', '1403869806', '17,405', '10,34', '2,07'
'27/06/2014 07:00:08', '1403870408', '16,371', '10,31', '2,08'
'27/06/2014 07:10:23', '1403871023', '29,643', '10,33', '2,07'
'27/06/2014 07:20:03', '1403871603', '0,1', '0,1', '0,1'
'27/06/2014 07:30:18', '1403872218', '16,61', '10,29', '2,06'
'27/06/2014 07:40:13', '1403872813', '19,948', '10,32', '2,08'
'27/06/2014 07:50:17', '1403873417', '18,12', '10,24', '2,07'
'27/06/2014 08:00:06', '1403874006', '24,398', '8,14', '1,87'
'27/06/2014 08:10:01', '1403874601', '16,054', '7,32', '1,86'
'27/06/2014 08:20:14', '1403875214', '19,63', '8,16', '1,86'
'27/06/2014 08:30:12', '1403875812', '0,1', '0,1', '0,1'
'27/06/2014 08:36:23', '1403876183', '0,1', '0,1', '0,1'
'27/06/2014 08:39:03', '1403876343', '0,1', '0,1', '0,1'
'27/06/2014 08:41:19', '1403876479', '0,1', '0,1', '0,1'
'27/06/2014 08:42:42', '1403876562', '0,1', '0,1', '0,1'
'27/06/2014 08:44:29', '1403876669', '0,1', '0,1', '0,1'
'27/06/2014 08:45:50', '1403876750', '0,1', '0,1', '0,1'
'27/06/2014 08:47:21', '1403876841', '0,1', '0,1', '0,1'
'27/06/2014 08:49:09', '1403876949', '0,1', '0,1', '0,1'
'27/06/2014 08:50:46', '1403877046', '0,1', '0,1', '0,1'
'27/06/2014 08:51:56', '1403877116', '0,1', '0,1', '0,1'
'27/06/2014 08:53:27', '1403877207', '0,1', '0,1', '0,1'
'27/06/2014 08:55:21', '1403877321', '0,1', '0,1', '0,1'
'27/06/2014 09:00:13', '1403877613', '0,1', '0,1', '0,1'
'27/06/2014 09:02:01', '1403877721', '0,1', '0,1', '0,1'
'27/06/2014 09:03:58', '1403877838', '0,1', '0,1', '0,1'
'27/06/2014 09:05:23', '1403877923', '0,1', '0,1', '0,1'
'27/06/2014 09:07:12', '1403878032', '0,1', '0,1', '0,1'
'27/06/2014 09:08:20', '1403878100', '0,1', '0,1', '0,1'
'27/06/2014 09:09:27', '1403878167', '0,1', '0,1', '0,1'
'27/06/2014 09:11:21', '1403878281', '0,1', '0,1', '0,1'
'27/06/2014 09:13:18', '1403878398', '0,1', '0,1', '0,1'
'27/06/2014 09:15:13', '1403878513', '0,1', '0,1', '0,1'
'27/06/2014 09:16:29', '1403878589', '0,1', '0,1', '0,1'
'27/06/2014 09:17:52', '1403878672', '0,1', '0,1', '0,1'
'27/06/2014 09:20:51', '1403878851', '0,1', '0,1', '0,1'
'27/06/2014 09:22:44', '1403878964', '0,1', '0,1', '0,1'
'27/06/2014 09:23:50', '1403879030', '0,1', '0,1', '0,1'
'27/06/2014 09:25:47', '1403879147', '0,1', '0,1', '0,1'
'27/06/2014 09:27:18', '1403879238', '0,1', '0,1', '0,1'
'27/06/2014 09:28:53', '1403879333', '0,1', '0,1', '0,1'
'27/06/2014 09:30:13', '1403879413', '0,1', '0,1', '0,1'
'27/06/2014 09:31:59', '1403879519', '0,1', '0,1', '0,1'
'27/06/2014 09:33:25', '1403879605', '0,1', '0,1', '0,1'
'27/06/2014 09:34:56', '1403879696', '0,1', '0,1', '0,1'
'27/06/2014 09:36:22', '1403879782', '0,1', '0,1', '0,1'
'27/06/2014 09:37:28', '1403879848', '0,1', '0,1', '0,1'
'27/06/2014 09:38:59', '1403879939', '0,1', '0,1', '0,1'
'27/06/2014 09:40:41', '1403880041', '0,1', '0,1', '0,1'
'27/06/2014 09:42:31', '1403880151', '0,1', '0,1', '0,1'
'27/06/2014 09:44:10', '1403880250', '0,1', '0,1', '0,1'
'27/06/2014 09:45:22', '1403880322', '0,1', '0,1', '0,1'
'27/06/2014 09:46:52', '1403880412', '0,1', '0,1', '0,1'
'27/06/2014 09:48:16', '1403880496', '0,1', '0,1', '0,1'
'27/06/2014 09:49:46', '1403880586', '0,1', '0,1', '0,1'
'27/06/2014 09:51:32', '1403880692', '0,1', '0,1', '0,1'
'27/06/2014 09:52:40', '1403880760', '0,1', '0,1', '0,1'
'27/06/2014 09:54:18', '1403880858', '0,1', '0,1', '0,1'
'27/06/2014 09:55:37', '1403880937', '0,1', '0,1', '0,1'
'27/06/2014 09:56:55', '1403881015', '0,1', '0,1', '0,1'
'27/06/2014 09:58:40', '1403881120', '0,1', '0,1', '0,1'
'27/06/2014 10:00:27', '1403881227', '0,1', '0,1', '0,1'
'27/06/2014 10:02:06', '1403881326', '0,1', '0,1', '0,1'
'27/06/2014 10:03:16', '1403881396', '0,1', '0,1', '0,1'
'27/06/2014 10:05:11', '1403881511', '0,1', '0,1', '0,1'
'27/06/2014 10:07:08', '1403881628', '0,1', '0,1', '0,1'
'27/06/2014 10:08:56', '1403881736', '0,1', '0,1', '0,1'
'27/06/2014 10:10:43', '1403881843', '0,1', '0,1', '0,1'
'27/06/2014 10:12:42', '1403881962', '0,1', '0,1', '0,1'
'27/06/2014 10:14:21', '1403882061', '0,1', '0,1', '0,1'
'27/06/2014 10:16:14', '1403882174', '0,1', '0,1', '0,1'
'27/06/2014 10:18:12', '1403882292', '0,1', '0,1', '0,1'
'27/06/2014 10:19:50', '1403882390', '0,1', '0,1', '0,1'
'27/06/2014 10:21:49', '1403882509', '0,1', '0,1', '0,1'
'27/06/2014 10:23:26', '1403882606', '0,1', '0,1', '0,1'
'27/06/2014 10:25:17', '1403882717', '0,1', '0,1', '0,1'
'27/06/2014 10:27:09', '1403882829', '0,1', '0,1', '0,1'
'27/06/2014 10:29:06', '1403882946', '0,1', '0,1', '0,1'
'27/06/2014 10:30:40', '1403883040', '0,1', '0,1', '0,1'
'27/06/2014 10:32:22', '1403883142', '0,1', '0,1', '0,1'
'27/06/2014 10:34:15', '1403883255', '0,1', '0,1', '0,1'
'27/06/2014 10:35:53', '1403883353', '0,1', '0,1', '0,1'
'27/06/2014 10:37:42', '1403883462', '0,1', '0,1', '0,1'
'27/06/2014 10:39:21', '1403883561', '0,1', '0,1', '0,1'
'27/06/2014 10:41:07', '1403883667', '0,1', '0,1', '0,1'
'27/06/2014 10:43:05', '1403883785', '0,1', '0,1', '0,1'
'27/06/2014 10:44:43', '1403883883', '0,1', '0,1', '0,1'
'27/06/2014 10:46:32', '1403883992', '0,1', '0,1', '0,1'
'27/06/2014 10:48:02', '1403884082', '0,1', '0,1', '0,1'
'27/06/2014 10:49:45', '1403884185', '0,1', '0,1', '0,1'
'27/06/2014 10:51:27', '1403884287', '0,1', '0,1', '0,1'
'27/06/2014 10:53:20', '1403884400', '0,1', '0,1', '0,1'
'27/06/2014 10:55:07', '1403884507', '0,1', '0,1', '0,1'
'27/06/2014 10:56:45', '1403884605', '0,1', '0,1', '0,1'
'27/06/2014 10:58:24', '1403884704', '0,1', '0,1', '0,1'
'27/06/2014 11:00:06', '1403884806', '0,1', '0,1', '0,1'
'27/06/2014 11:01:49', '1403884909', '0,1', '0,1', '0,1'
'27/06/2014 11:03:36', '1403885016', '0,1', '0,1', '0,1'
'27/06/2014 11:05:16', '1403885116', '0,1', '0,1', '0,1'
'27/06/2014 11:06:47', '1403885207', '0,1', '0,1', '0,1'
'27/06/2014 11:08:18', '1403885298', '0,1', '0,1', '0,1'
'27/06/2014 11:10:08', '1403885408', '0,1', '0,1', '0,1'
'27/06/2014 11:11:47', '1403885507', '0,1', '0,1', '0,1'
'27/06/2014 11:13:44', '1403885624', '0,1', '0,1', '0,1'
'27/06/2014 11:15:21', '1403885721', '0,1', '0,1', '0,1'
'27/06/2014 11:17:12', '1403885832', '0,1', '0,1', '0,1'
'27/06/2014 11:18:50', '1403885930', '0,1', '0,1', '0,1'
'27/06/2014 11:20:22', '1403886022', '0,1', '0,1', '0,1'
'27/06/2014 11:22:08', '1403886128', '0,1', '0,1', '0,1'
'27/06/2014 11:23:34', '1403886214', '0,1', '0,1', '0,1'
'27/06/2014 11:25:23', '1403886323', '0,1', '0,1', '0,1'
'27/06/2014 11:27:15', '1403886435', '0,1', '0,1', '0,1'
'27/06/2014 11:28:53', '1403886533', '0,1', '0,1', '0,1'
'27/06/2014 11:30:32', '1403886632', '0,1', '0,1', '0,1'
'27/06/2014 11:32:20', '1403886740', '0,1', '0,1', '0,1'
'27/06/2014 11:34:11', '1403886851', '0,1', '0,1', '0,1'
'27/06/2014 11:35:41', '1403886941', '0,1', '0,1', '0,1'
'27/06/2014 11:37:40', '1403887060', '0,1', '0,1', '0,1'
'27/06/2014 11:39:19', '1403887159', '0,1', '0,1', '0,1'
'27/06/2014 11:40:57', '1403887257', '0,1', '0,1', '0,1'
'27/06/2014 11:42:34', '1403887354', '0,1', '0,1', '0,1'
'27/06/2014 11:44:33', '1403887473', '0,1', '0,1', '0,1'
'27/06/2014 11:46:30', '1403887590', '0,1', '0,1', '0,1'
'27/06/2014 11:48:15', '1403887695', '0,1', '0,1', '0,1'
'27/06/2014 11:49:54', '1403887794', '0,1', '0,1', '0,1'
'27/06/2014 11:51:41', '1403887901', '0,1', '0,1', '0,1'
'27/06/2014 11:53:29', '1403888009', '0,1', '0,1', '0,1'
'27/06/2014 11:55:26', '1403888126', '0,1', '0,1', '0,1'
'27/06/2014 11:56:58', '1403888218', '0,1', '0,1', '0,1'
'27/06/2014 11:58:36', '1403888316', '0,1', '0,1', '0,1'
'27/06/2014 12:00:18', '1403888418', '0,1', '0,1', '0,1'
'27/06/2014 12:01:48', '1403888508', '0,1', '0,1', '0,1'
'27/06/2014 12:03:20', '1403888600', '0,1', '0,1', '0,1'
'27/06/2014 12:05:12', '1403888712', '0,1', '0,1', '0,1'
'27/06/2014 12:06:58', '1403888818', '0,1', '0,1', '0,1'
'27/06/2014 12:08:38', '1403888918', '0,1', '0,1', '0,1'
'27/06/2014 12:10:10', '1403889010', '0,1', '0,1', '0,1'
'27/06/2014 12:12:08', '1403889128', '0,1', '0,1', '0,1'
'27/06/2014 12:13:57', '1403889237', '0,1', '0,1', '0,1'
'27/06/2014 12:15:32', '1403889332', '0,1', '0,1', '0,1'
'27/06/2014 12:16:48', '1403889408', '18,438', '9,83', '2,06'
'27/06/2014 12:20:25', '1403889625', '17,722', '9,81', '1,57'
'27/06/2014 12:30:15', '1403890215', '17,961', '10,32', '2,07'
'27/06/2014 12:40:06', '1403890806', '23,683', '10,27', '2,07'
'27/06/2014 12:50:27', '1403891427', '26,385', '10,30', '2,07'
'27/06/2014 13:00:22', '1403892022', '19,709', '10,31', '2,07'
'27/06/2014 13:10:04', '1403892604', '19,391', '10,25', '2,08'
'27/06/2014 13:20:17', '1403893217', '17,643', '10,11', '2,03'
'27/06/2014 13:30:18', '1403893818', '18,12', '10,26', '0,69'
'27/06/2014 13:40:20', '1403894420', '19,391', '10,32', '2,07'
'27/06/2014 13:50:18', '1403895018', '17,246', '9,70', '2,04'
'27/06/2014 14:00:12', '1403895612', '19,391', '9,63', '1,98'
'27/06/2014 14:10:05', '1403896205', '18,597', '10,30', '2,01'
'27/06/2014 14:20:18', '1403896818', '20,027', '10,16', '2,06'
'27/06/2014 14:30:09', '1403897409', '18,358', '10,26', '2,02'
'27/06/2014 14:40:23', '1403898023', '20,981', '10,29', '2,04'
'27/06/2014 14:50:07', '1403898607', '18,994', '10,06', '2,04'
'27/06/2014 15:00:12', '1403899212', '13,749', '10,30', '2,05'
'27/06/2014 15:10:27', '1403899827', '24,16', '5,31', '2,07'
'27/06/2014 15:20:00', '1403900400', '23,127', '9,46', '2,06'
'27/06/2014 15:30:15', '1403901015', '17,246', '10,03', '2,06'
'27/06/2014 15:40:06', '1403901606', '12,636', '9,77', '2,05'
'27/06/2014 15:50:18', '1403902218', '30,041', '10,29', '2,04'
'27/06/2014 16:00:28', '1403902828', '22,252', '9,89', '1,91'
'27/06/2014 16:10:02', '1403903402', '14,226', '8,82', '1,75'
'27/06/2014 16:20:12', '1403904012', '17,722', '9,62', '2,04'
'27/06/2014 16:30:19', '1403904619', '20,583', '7,66', '1,86'
'27/06/2014 16:40:02', '1403905202', '14,623', '9,93', '2,07'
'27/06/2014 16:50:14', '1403905814', '20,107', '8,75', '2,01'
'27/06/2014 17:00:02', '1403906402', '17,643', '8,99', '1,93'
'27/06/2014 17:10:25', '1403907025', '21,696', '7,74', '1,96'
'27/06/2014 17:20:08', '1403907608', '27,736', '9,10', '2,00'
'27/06/2014 19:05:13', '1403913913', '23,286', '10,30', '2,08'
'27/06/2014 19:10:26', '1403914226', '23,444', '10,24', '2,06'
'27/06/2014 19:14:24', '1403914464', '12,954', '9,90', '2,06'
'27/06/2014 19:15:20', '1403914520', '18,517', '10,23', '2,00'
'27/06/2014 19:16:37', '1403914597', '18,279', '10,22', '2,04'
'27/06/2014 19:17:26', '1403914646', '21,378', '10,00', '2,01'
'27/06/2014 19:18:18', '1403914698', '21,378', '10,10', '2,05'
'27/06/2014 19:19:29', '1403914769', '21,696', '9,97', '1,99'
'27/06/2014 19:20:30', '1403914830', '22,014', '9,59', '1,98'
'27/06/2014 19:21:09', '1403914869', '20,027', '10,17', '1,95'
'27/06/2014 19:22:04', '1403914924', '21,617', '10,26', '2,05'
'27/06/2014 19:23:13', '1403914993', '20,663', '10,04', '2,04'
'27/06/2014 19:24:16', '1403915056', '17,564', '10,11', '2,03'
'27/06/2014 19:25:14', '1403915114', '20,663', '9,95', '1,95'
'27/06/2014 19:26:16', '1403915176', '21,617', '8,76', '2,00'
'27/06/2014 19:27:14', '1403915234', '28,054', '8,78', '1,96'
'27/06/2014 19:28:05', '1403915285', '14,941', '9,62', '2,03'
'27/06/2014 19:29:09', '1403915349', '22,014', '9,08', '2,02'
'27/06/2014 19:30:04', '1403915404', '24,637', '9,42', '1,98'
'27/06/2014 19:31:17', '1403915477', '22,014', '10,08', '2,02'
'27/06/2014 19:40:09', '1403916009', '21,378', '9,81', '2,05'
'27/06/2014 19:50:17', '1403916617', '18,597', '7,78', '1,98'
'27/06/2014 20:00:02', '1403917202', '18,04', '7,84', '1,95'
'27/06/2014 20:10:04', '1403917804', '16,928', '5,74', '1,83'
'27/06/2014 20:20:28', '1403918428', '21,06', '6,02', '1,84'
'27/06/2014 20:30:00', '1403919000', '18,358', '10,26', '2,07'
'27/06/2014 20:40:10', '1403919610', '17,722', '10,29', '2,07'
'27/06/2014 20:50:03', '1403920203', '19,55', '9,54', '2,03'
'27/06/2014 21:00:11', '1403920811', '15,338', '9,72', '2,05'
'27/06/2014 21:10:18', '1403921418', '20,901', '9,31', '2,02'
'27/06/2014 21:20:04', '1403922004', '17,087', '10,29', '2,07'
'27/06/2014 21:30:29', '1403922629', '31,392', '10,14', '2,07'
'27/06/2014 21:40:00', '1403923200', '20,027', '10,16', '2,04'
'27/06/2014 21:50:12', '1403923812', '27,259', '9,60', '2,04'
'27/06/2014 22:00:26', '1403924426', '19,709', '10,16', '2,06'
'27/06/2014 22:10:22', '1403925022', '17,961', '9,58', '2,07'
'27/06/2014 22:20:08', '1403925608', '18,676', '10,18', '2,01'
'27/06/2014 22:30:11', '1403926211', '19,312', '8,45', '2,06'
'27/06/2014 22:40:28', '1403926828', '22,252', '9,90', '2,04'
'27/06/2014 22:50:16', '1403927416', '20,663', '7,64', '1,95'
'27/06/2014 23:00:22', '1403928022', '18,676', '9,28', '1,97'
'27/06/2014 23:10:26', '1403928626', '20,345', '9,97', '2,03'
'27/06/2014 23:20:13', '1403929213', '20,583', '9,27', '1,96'
'27/06/2014 23:30:28', '1403929828', '19,391', '10,20', '2,07'
'27/06/2014 23:40:27', '1403930427', '26,385', '10,30', '1,96'
'27/06/2014 23:50:28', '1403931028', '22,411', '10,33', '2,07'
'28/06/2014 00:00:04', '1403931604', '21,299', '8,46', '1,82'
'28/06/2014 00:10:24', '1403932224', '22,411', '10,30', '2,07'
'28/06/2014 00:20:11', '1403932811', '21,935', '10,31', '2,07'
'28/06/2014 00:30:29', '1403933429', '22,65', '10,33', '2,07'
'28/06/2014 00:40:00', '1403934000', '18,438', '10,32', '2,07'
'28/06/2014 00:50:18', '1403934618', '19,789', '10,19', '1,97'
'28/06/2014 01:00:17', '1403935217', '17,961', '10,31', '2,07'
'28/06/2014 01:10:22', '1403935822', '16,61', '9,50', '1,91'
'28/06/2014 01:20:19', '1403936419', '22,014', '9,84', '1,74'
'28/06/2014 01:30:05', '1403937005', '14,623', '10,27', '1,96'
'28/06/2014 01:40:24', '1403937624', '18,994', '10,27', '2,06'
'28/06/2014 01:50:00', '1403938200', '21,617', '8,13', '2,02'
'28/06/2014 02:00:28', '1403938828', '26,306', '10,00', '1,99'
'28/06/2014 02:10:22', '1403939422', '20,107', '10,30', '2,07'
'28/06/2014 02:20:09', '1403940009', '17,087', '10,32', '2,07'
'28/06/2014 02:30:23', '1403940623', '19,073', '10,33', '2,07'
'28/06/2014 02:40:12', '1403941212', '21,378', '10,32', '2,07'
'28/06/2014 02:50:16', '1403941816', '22,968', '10,33', '2,07'
'28/06/2014 03:00:02', '1403942402', '16,928', '10,29', '2,07'
'28/06/2014 03:10:07', '1403943007', '20,027', '10,32', '2,07'
'28/06/2014 03:20:21', '1403943621', '30,438', '7,33', '2,05'
'28/06/2014 03:30:25', '1403944225', '19,63', '9,75', '1,82'
'28/06/2014 03:40:14', '1403944814', '19,709', '10,03', '2,06'
'28/06/2014 03:50:07', '1403945407', '17,564', '10,31', '1,85'
'28/06/2014 04:00:01', '1403946001', '12,557', '10,29', '2,07'
'28/06/2014 04:10:25', '1403946625', '20,107', '10,33', '2,07'
'28/06/2014 04:20:00', '1403947200', '18,676', '10,28', '2,06'
'28/06/2014 04:30:27', '1403947827', '20,583', '10,33', '2,07'
'28/06/2014 04:40:26', '1403948426', '20,663', '10,32', '2,07'
'28/06/2014 04:50:26', '1403949026', '18,12', '10,32', '2,07'
'28/06/2014 05:00:24', '1403949624', '18,279', '10,34', '2,07'
'28/06/2014 05:10:29', '1403950229', '15,338', '10,34', '2,07'
'28/06/2014 05:20:08', '1403950808', '20,981', '10,32', '2,07'
'28/06/2014 05:30:23', '1403951423', '14,544', '10,33', '2,08'
'28/06/2014 05:40:23', '1403952023', '18,676', '10,32', '2,07'
'28/06/2014 05:50:16', '1403952616', '15,895', '10,33', '2,06'
'28/06/2014 06:00:02', '1403953202', '17,961', '10,32', '2,07'
'28/06/2014 06:10:07', '1403953807', '18,279', '10,33', '2,07'
'28/06/2014 06:20:23', '1403954423', '20,027', '10,30', '2,07'
'28/06/2014 06:30:02', '1403955002', '17,246', '10,31', '1,97'
'28/06/2014 06:40:20', '1403955620', '18,676', '10,30', '2,07'
'28/06/2014 06:50:27', '1403956227', '25,988', '10,32', '2,07'
'28/06/2014 07:00:24', '1403956824', '17,564', '10,33', '2,08'
'28/06/2014 07:10:18', '1403957418', '21,696', '10,32', '2,08'
'28/06/2014 07:20:16', '1403958016', '17,643', '10,32', '2,07'
'28/06/2014 07:30:09', '1403958609', '16,928', '7,54', '2,08'
'28/06/2014 07:40:08', '1403959208', '22,968', '9,86', '2,07'
'28/06/2014 07:50:23', '1403959823', '13,987', '10,27', '2,07'
'28/06/2014 08:00:07', '1403960407', '0,1', '0,1', '0,1'
'28/06/2014 08:02:51', '1403960571', '0,1', '0,1', '0,1'
'28/06/2014 08:04:45', '1403960685', '0,1', '0,1', '0,1'
'28/06/2014 08:06:02', '1403960762', '0,1', '0,1', '0,1'
'28/06/2014 08:07:11', '1403960831', '0,1', '0,1', '0,1'
'28/06/2014 08:08:21', '1403960901', '19,312', '10,20', '2,06'
'28/06/2014 08:10:11', '1403961011', '18,597', '10,34', '2,06'
'28/06/2014 08:20:20', '1403961620', '27,259', '10,33', '2,07'
'28/06/2014 08:30:23', '1403962223', '0,1', '0,1', '0,1'
'28/06/2014 08:33:07', '1403962387', '0,1', '0,1', '0,1'
'28/06/2014 08:35:36', '1403962536', '0,1', '0,1', '0,1'
'28/06/2014 08:38:17', '1403962697', '0,1', '0,1', '0,1'
'28/06/2014 08:39:50', '1403962790', '0,1', '0,1', '0,1'
'28/06/2014 08:41:20', '1403962880', '18,915', '10,32', '2,07'
'28/06/2014 08:50:08', '1403963408', '18,12', '10,32', '2,07'
'28/06/2014 09:00:28', '1403964028', '23,683', '10,30', '2,07'
'28/06/2014 09:10:14', '1403964614', '19,153', '7,70', '2,03'
'28/06/2014 09:20:17', '1403965217', '20,663', '8,04', '2,07'
'28/06/2014 09:30:15', '1403965815', '0,1', '0,1', '0,1'
'28/06/2014 09:32:42', '1403965962', '0,1', '0,1', '0,1'
'28/06/2014 09:34:11', '1403966051', '0,1', '0,1', '0,1'
'28/06/2014 09:35:43', '1403966143', '0,1', '0,1', '0,1'
'28/06/2014 09:37:21', '1403966241', '0,1', '0,1', '0,1'
'28/06/2014 09:38:39', '1403966319', '0,1', '0,1', '0,1'
'28/06/2014 09:40:34', '1403966434', '0,1', '0,1', '0,1'
'28/06/2014 09:41:45', '1403966505', '0,1', '0,1', '0,1'
'28/06/2014 09:43:05', '1403966585', '0,1', '0,1', '0,1'
'28/06/2014 09:44:35', '1403966675', '0,1', '0,1', '0,1'
'28/06/2014 09:45:58', '1403966758', '0,1', '0,1', '0,1'
'28/06/2014 09:46:59', '1403966819', '0,1', '0,1', '0,1'
'28/06/2014 09:48:01', '1403966881', '0,1', '0,1', '0,1'
'28/06/2014 09:49:43', '1403966983', '20,425', '10,28', '1,98'
'28/06/2014 09:50:48', '1403967048', '21,617', '10,33', '2,06'
'28/06/2014 10:00:04', '1403967604', '14,067', '10,32', '2,07'
'28/06/2014 10:10:20', '1403968220', '18,358', '10,30', '2,07'
'28/06/2014 10:20:07', '1403968807', '26,306', '10,32', '2,07'
'28/06/2014 10:30:12', '1403969412', '15,338', '10,33', '2,07'
'28/06/2014 10:40:03', '1403970003', '19,63', '10,21', '2,05'
'28/06/2014 10:50:02', '1403970602', '31,71', '8,98', '2,01'
'28/06/2014 11:00:00', '1403971200', '21,378', '10,23', '2,07'
'28/06/2014 11:10:12', '1403971812', '22,65', '10,24', '2,06'
'28/06/2014 11:20:29', '1403972429', '18,597', '10,31', '2,06'
'28/06/2014 11:30:25', '1403973025', '17,722', '10,33', '2,06'
'28/06/2014 11:40:13', '1403973613', '20,027', '10,30', '2,07'
'28/06/2014 11:50:06', '1403974206', '23,365', '8,96', '1,24'
'28/06/2014 12:00:09', '1403974809', '15,974', '9,53', '2,06'
'28/06/2014 12:10:13', '1403975413', '19,63', '10,30', '2,06'
'28/06/2014 12:20:23', '1403976023', '21,299', '10,30', '2,06'
'28/06/2014 12:30:19', '1403976619', '18,04', '7,58', '1,33'
'28/06/2014 12:40:22', '1403977222', '20,901', '8,41', '1,06'
'28/06/2014 12:50:15', '1403977815', '18,756', '9,98', '1,43'
'28/06/2014 13:00:21', '1403978421', '18,597', '7,58', '1,99'
'28/06/2014 13:10:11', '1403979011', '19,073', '9,31', '0,33'
'28/06/2014 13:20:25', '1403979625', '18,358', '2,64', '2,05'
'28/06/2014 13:30:13', '1403980213', '23,444', '8,00', '1,97'
'28/06/2014 13:40:09', '1403980809', '21,935', '7,49', '2,02'
'28/06/2014 13:50:06', '1403981406', '22,332', '10,23', '2,07'
'28/06/2014 14:00:03', '1403982003', '15,338', '10,25', '2,06'
'28/06/2014 14:10:16', '1403982616', '19,391', '10,17', '2,05'
'28/06/2014 14:20:02', '1403983202', '21,299', '10,32', '2,04'
'28/06/2014 14:30:25', '1403983825', '17,643', '10,30', '2,07'
'28/06/2014 14:40:17', '1403984417', '30,041', '9,16', '2,02'
'28/06/2014 14:50:02', '1403985002', '26,941', '10,21', '2,07'
'28/06/2014 15:00:00', '1403985600', '16,054', '10,29', '2,06'
'28/06/2014 15:10:04', '1403986204', '17,722', '10,32', '2,07'
'28/06/2014 15:20:10', '1403986810', '18,676', '10,32', '2,07'
'28/06/2014 16:00:23', '1403989223', '18,994', '10,32', '2,04'
'28/06/2014 16:10:19', '1403989819', '21,299', '10,32', '2,07'
'28/06/2014 16:20:25', '1403990425', '19,63', '10,31', '2,08'
'28/06/2014 16:30:08', '1403991008', '17,007', '10,33', '2,07'
'28/06/2014 16:40:28', '1403991628', '25,113', '10,29', '2,07'
'28/06/2014 16:50:17', '1403992217', '17,246', '10,32', '2,06'
'28/06/2014 17:00:05', '1403992805', '24,954', '10,06', '2,02'
'28/06/2014 17:10:06', '1403993406', '17,643', '10,18', '2,07'
'28/06/2014 17:20:26', '1403994026', '25,431', '9,00', '2,06'
'28/06/2014 17:30:28', '1403994628', '18,358', '7,77', '1,99'
'28/06/2014 17:40:23', '1403995223', '18,358', '10,27', '2,07'
'28/06/2014 17:50:03', '1403995803', '20,742', '10,29', '2,02'
'28/06/2014 18:00:04', '1403996404', '26,703', '10,27', '2,07'
'28/06/2014 18:10:10', '1403997010', '33,617', '10,31', '2,06'
'28/06/2014 18:20:17', '1403997617', '19,63', '10,31', '2,07'
'28/06/2014 18:30:21', '1403998221', '19,391', '10,32', '2,07'
'28/06/2014 18:40:08', '1403998808', '21,935', '10,25', '2,06'
'28/06/2014 18:50:16', '1403999416', '17,007', '10,30', '2,05'
'28/06/2014 19:00:08', '1404000008', '15,736', '10,31', '2,07'
'28/06/2014 19:10:15', '1404000615', '17,722', '10,31', '2,07'
'28/06/2014 19:20:23', '1404001223', '21,378', '10,31', '1,95'
'28/06/2014 19:30:06', '1404001806', '16,371', '10,32', '2,07'
'28/06/2014 19:40:05', '1404002405', '20,663', '10,32', '2,07'
'28/06/2014 19:50:15', '1404003015', '18,04', '10,30', '1,55'
'28/06/2014 20:00:01', '1404003601', '20,345', '9,13', '2,08'
'28/06/2014 20:10:19', '1404004219', '17,246', '10,33', '2,07'
'28/06/2014 20:20:28', '1404004828', '17,643', '10,32', '2,07'
'28/06/2014 20:30:08', '1404005408', '13,749', '10,30', '2,06'
'28/06/2014 20:40:06', '1404006006', '18,915', '10,33', '2,07'
'28/06/2014 20:50:13', '1404006613', '20,345', '10,30', '2,07'
'28/06/2014 21:00:29', '1404007229', '21,617', '10,30', '2,07'
'28/06/2014 21:10:06', '1404007806', '21,06', '10,29', '2,06'
'28/06/2014 21:20:11', '1404008411', '18,756', '8,88', '2,07'
'28/06/2014 21:30:05', '1404009005', '18,676', '10,29', '2,07'
'28/06/2014 21:40:03', '1404009603', '21,617', '10,16', '2,07'
'28/06/2014 21:50:03', '1404010203', '20,266', '10,28', '2,07'
'28/06/2014 22:00:06', '1404010806', '17,325', '10,24', '2,07'
'28/06/2014 22:10:02', '1404011402', '19,948', '10,31', '2,06'
'28/06/2014 22:20:00', '1404012000', '21,617', '10,34', '2,07'
'28/06/2014 22:30:02', '1404012602', '15,259', '9,36', '2,05'
'28/06/2014 22:40:19', '1404013219', '20,345', '10,21', '2,04'
'28/06/2014 22:50:18', '1404013818', '20,345', '8,79', '1,96'
'28/06/2014 23:00:03', '1404014403', '17,643', '8,69', '2,01'
'28/06/2014 23:10:29', '1404015029', '35,127', '9,78', '2,03'
'28/06/2014 23:20:04', '1404015604', '19,63', '9,49', '2,06'
'28/06/2014 23:30:13', '1404016213', '15,259', '10,33', '2,05'
'28/06/2014 23:40:12', '1404016812', '21,219', '10,32', '2,06'
'28/06/2014 23:50:20', '1404017420', '21,617', '10,29', '2,07'
'29/06/2014 00:00:21', '1404018021', '19,153', '10,06', '1,99'
'29/06/2014 00:10:15', '1404018615', '22,252', '8,37', '2,05'
'29/06/2014 00:20:02', '1404019202', '25,272', '9,64', '1,98'
'29/06/2014 00:30:17', '1404019817', '20,266', '8,78', '1,91'
'29/06/2014 00:40:13', '1404020413', '24,398', '9,85', '2,05'
'29/06/2014 00:50:13', '1404021013', '23,286', '9,18', '1,94'
'29/06/2014 01:00:00', '1404021600', '18,04', '9,10', '2,01'
'29/06/2014 01:10:24', '1404022224', '20,345', '9,43', '1,97'
'29/06/2014 01:20:14', '1404022814', '20,027', '10,26', '2,04'
'29/06/2014 01:30:27', '1404023427', '18,994', '10,27', '2,07'
'29/06/2014 01:40:06', '1404024006', '21,299', '10,34', '2,05'
'29/06/2014 01:50:06', '1404024606', '21,696', '10,34', '2,06'
'29/06/2014 02:00:28', '1404025228', '23,444', '9,86', '2,07'
'29/06/2014 02:10:24', '1404025824', '20,027', '10,32', '2,07'
'29/06/2014 02:20:21', '1404026421', '17,961', '10,32', '2,07'
'29/06/2014 02:30:23', '1404027023', '18,676', '10,06', '2,02'
'29/06/2014 02:40:03', '1404027603', '18,676', '10,32', '2,07'
'29/06/2014 02:50:29', '1404028229', '19,232', '10,30', '2,07'
'29/06/2014 03:00:25', '1404028825', '20,345', '10,32', '2,07'
'29/06/2014 03:10:20', '1404029420', '17,405', '10,33', '2,08'
'29/06/2014 03:20:20', '1404030020', '21,14', '10,32', '2,07'
'29/06/2014 03:30:22', '1404030622', '17,961', '10,33', '2,08'
'29/06/2014 03:40:12', '1404031212', '21,378', '10,30', '2,06'
'29/06/2014 03:50:09', '1404031809', '18,04', '10,32', '2,06'
'29/06/2014 04:00:00', '1404032400', '22,252', '10,26', '2,07'
'29/06/2014 04:10:05', '1404033005', '21,299', '10,30', '2,08'
'29/06/2014 04:20:21', '1404033621', '23,047', '10,33', '2,07'
'29/06/2014 04:30:06', '1404034206', '23,683', '10,31', '2,01'
'29/06/2014 04:40:25', '1404034825', '20,266', '10,32', '2,07'
'29/06/2014 04:50:24', '1404035424', '18,676', '10,34', '2,06'
'29/06/2014 05:00:12', '1404036012', '23,286', '10,32', '2,07'
'29/06/2014 05:10:09', '1404036609', '18,994', '10,33', '2,06'
'29/06/2014 05:20:00', '1404037200', '20,663', '10,33', '2,07'
'29/06/2014 05:30:04', '1404037804', '36,637', '10,30', '2,08'
'29/06/2014 05:40:03', '1404038403', '17,802', '10,34', '2,07'
'29/06/2014 05:50:22', '1404039022', '22,014', '10,33', '2,07'
'29/06/2014 06:00:05', '1404039605', '19,709', '10,32', '2,07'
'29/06/2014 06:10:02', '1404040202', '16,689', '10,30', '2,06'
'29/06/2014 06:20:23', '1404040823', '22,968', '10,34', '2,06'
'29/06/2014 06:30:20', '1404041420', '19,789', '10,33', '2,07'
'29/06/2014 06:40:08', '1404042008', '18,279', '10,33', '2,07'
'29/06/2014 06:50:15', '1404042615', '19,312', '10,34', '2,06'
'29/06/2014 07:00:13', '1404043213', '22,65', '10,31', '2,06'
'29/06/2014 07:10:25', '1404043825', '16,689', '10,32', '2,07'
'29/06/2014 07:20:08', '1404044408', '0,1', '0,1', '0,1'
'29/06/2014 07:21:23', '1404044483', '0,1', '0,1', '0,1'
'29/06/2014 07:22:37', '1404044557', '0,1', '0,1', '0,1'
'29/06/2014 07:23:55', '1404044635', '0,1', '0,1', '0,1'
'29/06/2014 07:25:25', '1404044725', '0,1', '0,1', '0,1'
'29/06/2014 07:26:59', '1404044819', '0,1', '0,1', '0,1'
'29/06/2014 07:28:28', '1404044908', '0,1', '0,1', '0,1'
'29/06/2014 07:30:05', '1404045005', '0,1', '0,1', '0,1'
'29/06/2014 07:31:52', '1404045112', '0,1', '0,1', '0,1'
'29/06/2014 07:33:41', '1404045221', '0,1', '0,1', '0,1'
'29/06/2014 07:35:34', '1404045334', '0,1', '0,1', '0,1'
'29/06/2014 07:37:29', '1404045449', '0,1', '0,1', '0,1'
'29/06/2014 07:39:23', '1404045563', '0,1', '0,1', '0,1'
'29/06/2014 07:40:45', '1404045645', '0,1', '0,1', '0,1'
'29/06/2014 07:42:05', '1404045725', '0,1', '0,1', '0,1'
'29/06/2014 07:43:14', '1404045794', '0,1', '0,1', '0,1'
'29/06/2014 07:44:50', '1404045890', '0,1', '0,1', '0,1'
'29/06/2014 07:46:20', '1404045980', '18,279', '9,91', '2,07'
'29/06/2014 07:50:12', '1404046212', '23,365', '9,54', '1,86'
'29/06/2014 08:00:27', '1404046827', '20,663', '10,31', '2,07'
'29/06/2014 08:10:11', '1404047411', '16,61', '10,33', '2,07'
'29/06/2014 08:20:28', '1404048028', '16,61', '10,32', '2,07'
'29/06/2014 08:30:03', '1404048603', '15,338', '10,31', '2,07'
'29/06/2014 08:40:23', '1404049223', '20,425', '10,32', '2,07'
'29/06/2014 08:50:20', '1404049820', '19,709', '10,34', '2,07'
'29/06/2014 09:00:22', '1404050422', '17,564', '10,30', '1,99'
'29/06/2014 09:10:16', '1404051016', '20,107', '10,32', '2,06'
'29/06/2014 09:20:12', '1404051612', '17,007', '10,32', '2,06'
